epoch,loss,val_loss
0,0.0426457854828,0.0399550089938
1,0.0359885152484,0.0351603742848
2,0.0322086687863,0.0323342029022
3,0.0300213248216,0.030836393613
4,0.0288201373251,0.0298650606985
5,0.0281530593641,0.0294072181339
6,0.0278083090893,0.029185490735
7,0.0276448928952,0.0290699243324
8,0.0275645019653,0.0290184193361
