epoch,loss,val_loss
0,0.154592115004,0.0604961282159
1,0.050915577209,0.0660258818172
2,0.046506966703,0.0611943087367
3,0.044951214614,0.0558488569869
4,0.0426720978558,0.0517237935396
5,0.0408968435313,0.0482618071948
6,0.0392685989309,0.0442946219754
7,0.0377948866607,0.0420203103838
