epoch,loss,val_loss
0,0.0339177600882,0.0296588756617
1,0.0265937949568,0.0248052238069
2,0.0231879232228,0.0226549357002
3,0.0217392605347,0.0217641392548
4,0.0211448576985,0.0214064656337
5,0.0209102856002,0.0212847693721
6,0.0208387478454,0.0212452592758
7,0.0208211226719,0.0212569961182
