epoch,loss,val_loss
0,0.0300158235564,0.0236741021211
1,0.0218784874828,0.0212733047807
2,0.0209295519097,0.0210776153597
3,0.0208710082419,0.021059401677
