epoch,loss,val_loss
0,0.124997029952,0.0489326728961
1,0.0416380223101,0.0423364863171
2,0.0370351145617,0.0364632305794
3,0.0337158027624,0.0322799849826
4,0.031362965154,0.0288182307074
5,0.0290044900507,0.0268388295473
6,0.0272709099758,0.0250492743457
7,0.0257400978002,0.0240100230871
