epoch,loss,val_loss
0,0.0363288286378,0.031295560713
1,0.0279298293947,0.0255320155732
2,0.0238751696163,0.0228905046849
3,0.0220452865747,0.0217847303049
4,0.0212702935012,0.0213058375601
5,0.0209882636435,0.0211399649029
6,0.0208857693455,0.0211171614112
